tag_id,tag_type,street_name,vehicle_name,traffic_sign_type
{number},"StreetName, TrafficSign, Light, Localization, Vehicle",{name},{vehicle name},"stop, yield, no-right-turn, no-left-turn, do-not-enter, oneway-right, oneway-left, 4-way-intersect, right-T-intersect, left-T-intersect, T-intersection, pedestrian, t-light-ahead, duck-crossing"
,,StreetName,Vehicle,TrafficSign
1,TrafficSign,,,stop
2,TrafficSign,,,yield
3,TrafficSign,,,no-right-turn
4,TrafficSign,,,no-left-turn
5,TrafficSign,,,do-not-enter
6,TrafficSign,,,oneway-right
7,TrafficSign,,,oneway-left
8,TrafficSign,,,4-way-intersect
9,TrafficSign,,,right-T-intersect
10,TrafficSign,,,left-T-intersect
11,TrafficSign,,,T-intersection
12,TrafficSign,,,pedestrian
13,TrafficSign,,,4-way-intersect
14,TrafficSign,,,4-way-intersect
15,TrafficSign,,,4-way-intersect
16,TrafficSign,,,4-way-intersect
17,TrafficSign,,,4-way-intersect
18,TrafficSign,,,4-way-intersect
19,TrafficSign,,,4-way-intersect
20,TrafficSign,,,stop
21,TrafficSign,,,stop
22,TrafficSign,,,stop
23,TrafficSign,,,stop
24,TrafficSign,,,stop
25,TrafficSign,,,stop
26,TrafficSign,,,stop
27,TrafficSign,,,stop
28,TrafficSign,,,stop
29,TrafficSign,,,stop
30,TrafficSign,,,stop
31,TrafficSign,,,stop
32,TrafficSign,,,stop
33,TrafficSign,,,stop
34,TrafficSign,,,stop
35,TrafficSign,,,stop
36,TrafficSign,,,stop
37,TrafficSign,,,stop
38,TrafficSign,,,stop
39,TrafficSign,,,yield
40,TrafficSign,,,no-right-turn
41,TrafficSign,,,no-left-turn
42,TrafficSign,,,oneway-right
43,TrafficSign,,,oneway-left
44,TrafficSign,,,4-way-intersect
45,TrafficSign,,,4-way-intersect
46,TrafficSign,,,4-way-intersect
47,TrafficSign,,,4-way-intersect
48,TrafficSign,,,4-way-intersect
49,TrafficSign,,,4-way-intersect
50,TrafficSign,,,4-way-intersect
51,TrafficSign,,,4-way-intersect
52,TrafficSign,,,4-way-intersect
53,TrafficSign,,,4-way-intersect
54,TrafficSign,,,4-way-intersect
55,TrafficSign,,,4-way-intersect
56,TrafficSign,,,4-way-intersect
57,TrafficSign,,,right-T-intersect
58,TrafficSign,,,right-T-intersect
59,TrafficSign,,,right-T-intersect
60,TrafficSign,,,right-T-intersect
61,TrafficSign,,,left-T-intersect
62,TrafficSign,,,left-T-intersect
63,TrafficSign,,,left-T-intersect
64,TrafficSign,,,left-T-intersect
65,TrafficSign,,,T-intersection
66,TrafficSign,,,T-intersection
67,TrafficSign,,,T-intersection
68,TrafficSign,,,T-intersection
69,TrafficSign,,,do-not-enter
70,TrafficSign,,,pedestrian
71,TrafficSign,,,pedestrian
72,TrafficSign,,,pedestrian
73,TrafficSign,,,pedestrian
74,TrafficSign,,,t-light-ahead
75,TrafficSign,,,t-light-ahead
76,TrafficSign,,,t-light-ahead
77,TrafficSign,,,t-light-ahead
78,TrafficSign,,,t-light-ahead
79,TrafficSign,,,t-light-ahead
80,TrafficSign,,,t-light-ahead
81,TrafficSign,,,t-light-ahead
82,TrafficSign,,,t-light-ahead
83,TrafficSign,,,t-light-ahead
84,TrafficSign,,,t-light-ahead
85,TrafficSign,,,t-light-ahead
86,TrafficSign,,,t-light-ahead
87,TrafficSign,,,t-light-ahead
88,TrafficSign,,,t-light-ahead
89,TrafficSign,,,t-light-ahead
90,TrafficSign,,,t-light-ahead
91,TrafficSign,,,t-light-ahead
92,TrafficSign,,,t-light-ahead
93,TrafficSign,,,t-light-ahead
94,TrafficSign,,,t-light-ahead
95,TrafficSign,,,duck-crossing
96,TrafficSign,,,duck-crossing
97,TrafficSign,,,duck-crossing
98,TrafficSign,,,duck-crossing
99,TrafficSign,,,duck-crossing
100,TrafficSign,,,duck-crossing
101,TrafficSign,,,duck-crossing
102,TrafficSign,,,duck-crossing
103,TrafficSign,,,duck-crossing
104,TrafficSign,,,duck-crossing
105,TrafficSign,,,duck-crossing
106,TrafficSign,,,duck-crossing
107,TrafficSign,,,duck-crossing
108,TrafficSign,,,duck-crossing
109,TrafficSign,,,duck-crossing
110,TrafficSign,,,duck-crossing
111,TrafficSign,,,duck-crossing
112,TrafficSign,,,duck-crossing
113,TrafficSign,,,duck-crossing
114,TrafficSign,,,duck-crossing
115,TrafficSign,,,duck-crossing
116,TrafficSign,,,duck-crossing
117,TrafficSign,,,duck-crossing
118,TrafficSign,,,duck-crossing
119,TrafficSign,,,duck-crossing
120,TrafficSign,,,duck-crossing
121,TrafficSign,,,duck-crossing
122,TrafficSign,,,duck-crossing
123,TrafficSign,,,duck-crossing
124,TrafficSign,,,duck-crossing
125,TrafficSign,,,parking
126,TrafficSign,,,parking
127,TrafficSign,,,parking
200,Light,,,
201,Light,,,
202,Light,,,
203,Light,,,
204,Light,,,
205,Light,,,
206,Light,,,
207,Light,,,
208,Light,,,
209,Light,,,
210,Light,,,
211,Light,,,
212,Light,,,
213,Light,,,
214,Light,,,
215,Light,,,
216,Light,,,
217,Light,,,
218,Light,,,
219,Light,,,
220,Light,,,
221,Light,,,
222,Light,,,
223,Light,,,
224,Light,,,
225,Light,,,
226,Light,,,
227,Light,,,
228,Light,,,
229,Light,,,
300,Localization,,,
301,Localization,,,
302,Localization,,,
303,Localization,,,
304,Localization,,,
305,Localization,,,
306,Localization,,,
307,Localization,,,
308,Localization,,,
309,Localization,,,
310,Localization,,,
311,Localization,,,
312,Localization,,,
313,Localization,,,
314,Localization,,,
315,Localization,,,
316,Localization,,,
317,Localization,,,
318,Localization,,,
319,Localization,,,
320,Localization,,,
321,Localization,,,
422,StreetName,BROOKS ST,,
423,StreetName,SHAH AVE,,
424,StreetName,MICALI ST,,
425,StreetName,REIF AVE,,
426,StreetName,KASAN ST,,
427,StreetName,KASAN ST,,
428,StreetName,CHANDRA ST,,
429,StreetName,CHANDRA ST,,
430,StreetName,WALTZ AVE,,
431,StreetName,WALTZ AVE,,
432,StreetName,KIM AVE,,
433,StreetName,KIM AVE,,
434,StreetName,LOZANO ST,,
435,StreetName,LOZANO ST,,
436,StreetName,HOGAN AVE,,
437,StreetName,HOGAN AVE,,
438,StreetName,HOBURG ST,,
439,StreetName,HOBURG ST,,
440,StreetName,HERR AVE,,
441,StreetName,HERR AVE,,
442,StreetName,DUBOWSKY ST,,
443,StreetName,DUBOWSKY ST,,
444,StreetName,ASADA AVE,,
445,StreetName,ASADA AVE,,
446,StreetName,WILLIAMS ST,,
447,StreetName,WILLIAMS ST,,
448,StreetName,WILLIAMS ST,,
449,StreetName,ROY AVE,,
450,StreetName,ROY AVE,,
451,StreetName,ROY AVE,,
452,StreetName,HOSOI AVE,,
453,StreetName,HOSOI AVE,,
454,StreetName,HOSOI AVE,,
455,StreetName,CHEN AVE,,
456,StreetName,CHEN AVE,,
457,StreetName,CHEN AVE,,
458,StreetName,PERAIRE ST,,
459,StreetName,PERAIRE ST,,
460,StreetName,PERAIRE ST,,
461,StreetName,KAELBLING ST,,
462,StreetName,KAELBLING ST,,
463,StreetName,KAELBLING ST,,
464,StreetName,IAGNEMMA ST,,
465,StreetName,IAGNEMMA ST,,
466,StreetName,IAGNEMMA ST,,
467,StreetName,BREAZEAL ST,,
468,StreetName,BREAZEAL ST,,
469,StreetName,BREAZEAL ST,,
470,StreetName,TEDRAKE ST,,
471,StreetName,TEDRAKE ST,,
472,StreetName,TEDRAKE ST,,
473,StreetName,FRAZZOLI ST,,
474,StreetName,FRAZZOLI ST,,
475,StreetName,FRAZZOLI ST,,
476,StreetName,KARAMAN ST,,
477,StreetName,KARAMAN ST,,
478,StreetName,KARAMAN ST,,
479,StreetName,KARAMAN ST,,
480,StreetName,KARAMAN ST,,
481,StreetName,RUS AVE,,
482,StreetName,RUS AVE,,
483,StreetName,RUS AVE,,
484,StreetName,RUS AVE,,
485,StreetName,RUS AVE,,
486,StreetName,LEONARD ST,,
487,StreetName,LEONARD ST,,
488,StreetName,LEONARD ST,,
489,StreetName,LEONARD ST,,
490,StreetName,LEONARD ST,,
491,StreetName,LEONARD ST,,
492,StreetName,LEONARD ST,,
493,StreetName,HOW AVE,,
494,StreetName,HOW AVE,,
495,StreetName,HOW AVE,,
496,StreetName,HOW AVE,,
497,StreetName,HOW AVE,,
498,StreetName,HOW AVE,,
499,StreetName,HOW AVE,,
500,StreetName,FRAZZOLI ST,,
501,StreetName,TEDRAKE ST,,
502,StreetName,ASADA AVE,,
503,StreetName,BREAZEAL ST,,
504,StreetName,DUBOWSKY ST,,
505,StreetName,HERR AVE,,
506,StreetName,HOBURG ST,,
507,StreetName,HOGAN AVE,,
508,StreetName,IAGNEMMA ST,,
509,StreetName,KAELBLING ST,,
510,StreetName,LOZANO ST,,
511,StreetName,KIM AVE,,
512,StreetName,REIF AVE,,
513,StreetName,WALTZ AVE,,
514,StreetName,PERAIRE ST,,
515,StreetName,CHANDRA ST,,
516,StreetName,KASAN ST,,
517,StreetName,MICALI ST,,
518,StreetName,CHEN AVE,,
519,StreetName,HOSOI AVE,,
520,StreetName,RUS AVE,,
521,StreetName,HOW AVE,,
522,StreetName,ROY AVE,,
523,StreetName,SHAH AVE,,
524,StreetName,WILLIAMS ST,,
525,StreetName,LEONARD ST,,
526,StreetName,BROOKS ST,,
527,StreetName,KARAMAN ST,,
528,StreetName,MILFORD ST.,,
529,StreetName,TIDOR ST.,,
530,StreetName,BARFOOT ST.,,
531,StreetName,DUDEK ST.,,
532,StreetName,FORBES AVE.,,
533,StreetName,PINEAU AVE.,,
534,StreetName,KELLY ST.,,
535,StreetName,URTASUN RD.,,
536,StreetName,FIDLER ST.,,
537,StreetName,WASLANDER AVE.,,
538,StreetName,JENKIN AVE.,,
539,StreetName,VAUGHAN ST.,,
540,StreetName,BACHMAYER ST.,,
541,StreetName,SHARF ST.,,
542,StreetName,SHOELLIG ST.,,